[
	{
		"birthDate": "1983-10-21",
		"gender": "F",
		"bmi": 20,
		"cholesterol_total_value": "4.68769991735914"
	},
	{
		"birthDate": "1983-10-21",
		"gender": "F",
		"bmi": 21,
		"cholesterol_total_value": "5.00323567948819"
	},
	{
		"birthDate": "1983-10-21",
		"gender": "F",
		"bmi": 20,
		"cholesterol_total_value": "3.77326614807728"
	},
	{
		"birthDate": "1983-10-21",
		"gender": "F"
		"bmi": 20,
		"cholesterol_total_value": "3.77326614807728"
	},
	{
		"birthDate": "1983-10-21",
		"gender": "F",
		"bmi": 21,
		"cholesterol_total_value": "5.05065516545954"
	},
	{
		"birthDate": "1983-10-21",
		"gender": "M",
		"bmi": 20,
		"cholesterol_total_value": "50.05065516545954"
	},
	{
		"birthDate": "1983-10-21",
		"gender": "F",
		"bmi": 100,
		"cholesterol_total_value": "5.05065516545954"
	},
	{
		"birthDate": "1983-10-21",
		"gender": "F",
		"bmi": 21,
		"cholesterol_total_value": "5.05065516545954"
	},
	{
		"birthDate": "1983-10-21",
		"gender": "F",
		"bmi": 21,
		"cholesterol_total_value": "5.05065516545954"
	},
	{
		"birthDate": "1983-10-21",
		"gender": "F",
		"bmi": 21,
		"cholesterol_total_value": "5.05065516545954"
	},
	{
		"birthDate": "1983-10-21",
		"gender": "F",
		"bmi": 21,
		"cholesterol_total_value": "5.05065516545954"
	},
	{
		"birthDate": "1983-10-21",
		"gender": "F",
		"bmi": 21,
		"cholesterol_total_value": "5.05065516545954"
	},
	{
		"birthDate": "1983-10-21",
		"gender": "F",
		"bmi": 21,
		"cholesterol_total_value": "5.05065516545954"
	},
	{
		"birthDate": "1983-10-21",
		"gender": "F",
		"bmi": 21,
		"cholesterol_total_value": "5.05065516545954"
	}

]
